{"peak_width_limits": [1, 8], "max_n_peaks": 6, "min_peak_height": 0.05, "peak_threshold": 2.0, "aperiodic_mode": "fixed"}
{"freq_range": [3.4179687499988587, 29.785156249990056], "freq_res": 0.488281249999837, "aperiodic_params_": [-21.593159400965455, 0.6665470065472682], "gaussian_params_": [[9.408803700300442, 1.4532119782705084, 1.0676029491574996], [18.446896761287622, 0.625886636711398, 1.1806116053609614]], "peak_params_": [[9.408803700300442, 1.4422365575603209, 2.1352058983149993], [18.446896761287622, 0.6232834234558666, 2.361223210721923]], "r_squared_": 0.9729477049342996, "error_": 0.05410881194674272}
{"freq_range": [3.4179687499988587, 29.785156249990056], "freq_res": 0.488281249999837, "aperiodic_params_": [-21.644857443324057, 0.7811637801131949], "gaussian_params_": [[9.349314427771896, 1.6014177976835207, 1.0260753412245582], [11.573834282012763, 0.3478137497635352, 0.6246864761674191], [18.539317300015895, 0.7400542527014213, 1.188412783562585]], "peak_params_": [[9.349314427771896, 1.5978875377781563, 2.0521506824491165], [11.573834282012763, 0.44989782630984365, 1.2493729523348382], [18.539317300015895, 0.7399923599473404, 2.37682556712517]], "r_squared_": 0.9795689271205626, "error_": 0.05326551715353906}
{"freq_range": [3.4179687499988587, 29.785156249990056], "freq_res": 0.488281249999837, "aperiodic_params_": [-21.19493940833654, 0.9759631669849451], "gaussian_params_": [[9.481810664130784, 1.2504736699773165, 1.0215964263859925], [11.256153676755067, 0.23974445014049905, 0.5000000045359375], [12.57271821323524, 0.18827861805944432, 1.348338181500291], [18.675957731246154, 0.5827908425278391, 1.2093002282452325]], "peak_params_": [[9.481810664130784, 1.2352723725005035, 2.043192852771985], [11.256153676755067, 0.64311384315344, 1.000000009071875], [12.57271821323524, 0.2001948134030087, 2.696676363000582], [18.675957731246154, 0.5798778407476881, 2.418600456490465]], "r_squared_": 0.9849876376980372, "error_": 0.047425811079098684}
{"freq_range": [3.4179687499988587, 29.785156249990056], "freq_res": 0.488281249999837, "aperiodic_params_": [-22.495790901249347, 0.3562680834160467], "gaussian_params_": [[10.614065271763224, 0.9335019904520879, 1.3349585286782897]], "peak_params_": [[10.614065271763224, 0.9292125665532041, 2.6699170573565794]], "r_squared_": 0.9382987434704443, "error_": 0.06322759132153308}
{"freq_range": [3.4179687499988587, 29.785156249990056], "freq_res": 0.488281249999837, "aperiodic_params_": [-21.88210047226056, 0.6622200987967667], "gaussian_params_": [[10.60367102136232, 1.0926800665937184, 1.8129890916406415]], "peak_params_": [[10.60367102136232, 1.089495561821078, 3.625978183281283]], "r_squared_": 0.9015343310669908, "error_": 0.12082070619946866}
{"freq_range": [3.4179687499988587, 29.785156249990056], "freq_res": 0.488281249999837, "aperiodic_params_": [-21.753013540389066, 0.5834864907582826], "gaussian_params_": [[9.438000610182531, 0.6960394423625031, 1.1043681490230575], [11.387420834071856, 0.2767815052069185, 2.00175262308306], [18.661691234551636, 0.2829317524219939, 1.0978367745923892], [22.22696097277235, 0.25395641424607407, 0.7617464453595885]], "peak_params_": [[9.438000610182531, 0.8475138488323104, 2.208736298046115], [11.387420834071856, 0.4623938014333646, 4.00350524616612], [18.661691234551636, 0.2820486220834759, 2.1956735491847783], [22.22696097277235, 0.24296446791676019, 1.523492890719177]], "r_squared_": 0.9785888076817908, "error_": 0.03758207852526115}
{"freq_range": [3.4179687499988587, 29.785156249990056], "freq_res": 0.488281249999837, "aperiodic_params_": [-21.651533671612846, 0.7602833414542948], "gaussian_params_": [[6.922884882351321, 0.14090036850631002, 0.5000000000000001], [9.868516955080903, 0.970904189618596, 1.3654548412602043], [14.962839925651018, 0.27992286733963995, 3.999999963844444]], "peak_params_": [[6.922884882351321, 0.2567536150249907, 1.0000000000000002], [9.868516955080903, 1.0885034177498376, 2.7309096825204087], [14.962839925651018, 0.2802270855035296, 7.999999927688888]], "r_squared_": 0.9694211967038102, "error_": 0.06213263385859165}
{"freq_range": [3.4179687499988587, 29.785156249990056], "freq_res": 0.488281249999837, "aperiodic_params_": [-22.62571326610805, 0.4659457816562539], "gaussian_params_": [[10.183100078989325, 0.7771710722160798, 1.3317210803053654]], "peak_params_": [[10.183100078989325, 0.7760733425340867, 2.663442160610731]], "r_squared_": 0.9382862495765835, "error_": 0.05478573201472695}
{"freq_range": [3.4179687499988587, 29.785156249990056], "freq_res": 0.488281249999837, "aperiodic_params_": [-21.474863589043935, 0.7097576381776654], "gaussian_params_": [[7.2375378844722436, 0.3075096573805931, 0.5450404857600932], [9.868084148961863, 1.1608092709155384, 1.2024081250139484], [19.276357322327407, 0.3752183161799641, 1.213887721689733]], "peak_params_": [[7.2375378844722436, 0.4274743366426499, 1.0900809715201865], [9.868084148961863, 1.1566091293852594, 2.404816250027897], [19.276357322327407, 0.3683468593182546, 2.427775443379466]], "r_squared_": 0.9791833158550586, "error_": 0.045267980474658354}
{"freq_range": [3.4179687499988587, 29.785156249990056], "freq_res": 0.488281249999837, "aperiodic_params_": [-22.529307951368686, 0.6054161292244058], "gaussian_params_": [[9.348775953739539, 0.36599169483230987, 0.7263482607346932], [10.696989258212653, 0.4829229242052487, 1.2969967149236612], [13.800344418312177, 0.07674591245428765, 0.8149210736543864]], "peak_params_": [[9.348775953739539, 0.6295157656254666, 1.4526965214693863], [10.696989258212653, 0.5408175665678208, 2.5939934298473224], [13.800344418312177, 0.11059025575723425, 1.6298421473087727]], "r_squared_": 0.9807771872987707, "error_": 0.03137214161458627}
{"freq_range": [3.4179687499988587, 29.785156249990056], "freq_res": 0.488281249999837, "aperiodic_params_": [-21.827035479177383, 0.7382433726764283], "gaussian_params_": [[9.75080767108969, 0.3209048924213353, 1.0567782255654175], [10.419077547869424, 0.13757801073984544, 2.3895150856866714], [21.9111758968678, 0.12203849727337657, 0.5000000000000001]], "peak_params_": [[9.75080767108969, 0.453402035633367, 2.113556451130835], [10.419077547869424, 0.42377429788297505, 4.779030171373343], [21.9111758968678, 0.12112055866414195, 1.0000000000000002]], "r_squared_": 0.9711797221752939, "error_": 0.034051302871185386}
{"freq_range": [3.4179687499988587, 29.785156249990056], "freq_res": 0.488281249999837, "aperiodic_params_": [-22.37662697770512, 0.3958164460761583], "gaussian_params_": [[5.699843782689807, 0.09066517612905127, 0.5000000000000001], [9.365740733366952, 0.5491858133295157, 0.930402907678059], [11.18446733705808, 0.8424535014092595, 0.9365270354662973], [20.05557079076308, 0.16118250590371652, 1.4989318573014603], [22.952390509607202, 0.1283705079254272, 0.5035986387995535]], "peak_params_": [[5.699843782689807, 0.08661835775106752, 1.0000000000000002], [9.365740733366952, 0.6526555410433197, 1.860805815356118], [11.18446733705808, 0.9151373844349671, 1.8730540709325947], [20.05557079076308, 0.16113592925869114, 2.9978637146029206], [22.952390509607202, 0.15337540939253458, 1.007197277599107]], "r_squared_": 0.9838423597219403, "error_": 0.031124459702519466}
{"freq_range": [3.4179687499988587, 29.785156249990056], "freq_res": 0.488281249999837, "aperiodic_params_": [-21.970180982106534, 0.7079769146166425], "gaussian_params_": [[9.168248886807518, 0.26128818607945326, 0.8820346070165573], [11.249365205868841, 0.2968628647298446, 0.5000000000000001], [22.2912316553879, 0.10846539691225897, 2.3682524594006553], [28.419308829169537, 0.16448190572580243, 1.138441669261608]], "peak_params_": [[9.168248886807518, 0.25942160806932435, 1.7640692140331147], [11.249365205868841, 0.3136398016152313, 1.0000000000000002], [22.2912316553879, 0.10818745632787952, 4.736504918801311], [28.419308829169537, 0.16810687344455744, 2.276883338523216]], "r_squared_": 0.9434484763281071,