{"peak_width_limits": [1, 8], "max_n_peaks": 6, "min_peak_height": 0.05, "peak_threshold": 2.0, "aperiodic_mode": "fixed"}
{"freq_range": [3.4179687499988587, 29.785156249990056], "freq_res": 0.488281249999837, "aperiodic_params_": [-21.593159357576205, 0.6665470440330354], "gaussian_params_": [[9.408803700567129, 1.453211977744514, 1.0676029501419666], [18.446896761244414, 0.6258866367300192, 1.1806116050640112]], "peak_params_": [[9.408803700567129, 1.4422365570141018, 2.135205900283933], [18.446896761244414, 0.623283423471019, 2.3612232101280224]], "r_squared_": 0.9729477045342373, "error_": 0.05410880985124122}
{"freq_range": [3.4179687499988587, 29.785156249990056], "freq_res": 0.488281249999837, "aperiodic_params_": [-21.644857386627415, 0.7811638290366852], "gaussian_params_": [[9.349314428488835, 1.6014177977728425, 1.0260753414684152], [11.57383428672903, 0.3478137490440459, 0.624686476904586], [18.539317299970374, 0.7400542530030977, 1.1884127825124748]], "peak_params_": [[9.349314428488835, 1.5978875377852262, 2.0521506829368303], [11.57383428672903, 0.4498978265508491, 1.249372953809172], [18.539317299970374, 0.7399923602485146, 2.3768255650249497]], "r_squared_": 0.9795689263732255, "error_": 0.0532655147028167}
{"freq_range": [3.4179687499988587, 29.785156249990056], "freq_res": 0.488281249999837, "aperiodic_params_": [-21.19494046020495, 0.9759620999021629], "gaussian_params_": [[9.481919207851597, 1.2505573605158389, 1.021647368787189], [11.256282753015464, 0.23984853802316433, 0.500000000000209], [12.574014539501182, 0.1882422720884648, 1.3474873830122411], [18.675944868685733, 0.5827886856630234, 1.209314894573799]], "peak_params_": [[9.481919207851597, 1.2352708852888874, 2.043294737574378], [11.256282753015464, 0.6431249890199844, 1.000000000000418], [12.574014539501182, 0.20018639439478036, 2.6949747660244823], [18.675944868685733, 0.5798763005458092, 2.418629789147598]], "r_squared_": 0.9849876040850732, "error_": 0.047426607812389096}
{"freq_range": [3.4179687499988587, 29.785156249990056], "freq_res": 0.488281249999837, "aperiodic_params_": [-22.495790901249347, 0.3562680834160467], "gaussian_params_": [[10.614065271763224, 0.9335019904520879, 1.3349585286782897]], "peak_params_": [[10.614065271763224, 0.9292125665532041, 2.6699170573565794]], "r_squared_": 0.9382987434704432, "error_": 0.06322759132153308}
{"freq_range": [3.4179687499988587, 29.785156249990056], "freq_res": 0.488281249999837, "aperiodic_params_": [-21.882100515170016, 0.6622200617436358], "gaussian_params_": [[10.603671021879952, 1.0926800667383074, 1.8129890911880837]], "peak_params_": [[10.603671021879952, 1.0894955619874231, 3.6259781823761674]], "r_squared_": 0.9015343306346567, "error_": 0.12082070543251723}
{"freq_range": [3.4179687499988587, 29.785156249990056], "freq_res": 0.488281249999837, "aperiodic_params_": [-21.753013540511557, 0.5834864900377436], "gaussian_params_": [[9.438000599274993, 0.6960394966520137, 1.1043681787335031], [11.387421165142646, 0.2767814844304155, 2.001752448231907], [18.661691230398286, 0.2829317519176439, 1.0978367845305317], [22.22696097508951, 0.2539564143773403, 0.7617464424407762]], "peak_params_": [[9.438000599274993, 0.847513848913394, 2.2087363574670063], [11.387421165142646, 0.46239380176350053, 4.003504896463814], [18.661691230398286, 0.2820486214349103, 2.1956735690610634], [22.22696097508951, 0.24296446824702045, 1.5234928848815523]], "r_squared_": 0.9785888073536894, "error_": 0.03758207875213693}
{"freq_range": [3.4179687499988587, 29.785156249990056], "freq_res": 0.488281249999837, "aperiodic_params_": [-21.651534466310267, 0.7602826633751751], "gaussian_params_": [[6.92282248125194, 0.14089287642518694, 0.5000000000000001], [9.868514178598046, 0.9709025415480153, 1.3654641046149671], [14.962839942663212, 0.27992213854483294, 3.9999999999530793]], "peak_params_": [[6.92282248125194, 0.2567521453747936, 1.0000000000000002], [9.868514178598046, 1.0885016477997524, 2.7309282092299343], [14.962839942663212, 0.280226409446918, 7.999999999906159]], "r_squared_": 0.9694212380060627, "error_": 0.062132847931924445}
{"freq_range": [3.4179687499988587, 29.785156249990056], "freq_res": 0.488281249999837, "aperiodic_params_": [-22.62571328886064, 0.46594576204807486], "gaussian_params_": [[10.183100078967026, 0.7771710718662393, 1.3317210815782758]], "peak_params_": [[10.183100078967026, 0.7760733421861445, 2.6634421631565517]], "r_squared_": 0.9382862495470456, "error_": 0.05478573279569965}
{"freq_range": [3.4179687499988587, 29.785156249990056], "freq_res": 0.488281249999837, "aperiodic_params_": [-21.47486143464764, 0.7097592905366569], "gaussian_params_": [[7.237527814269928, 0.3075156909761406, 0.5449965381653034], [9.868075441117211, 1.1608087440193628, 1.2024152658904699], [19.27635732329799, 0.37521831604487677, 1.2138877222362952]], "peak_params_": [[7.237527814269928, 0.4274839153444283, 1.0899930763306067], [9.868075441117211, 1.1566093561946538, 2.4048305317809398], [19.27635732329799, 0.3683468591351442, 2.4277754444725903]], "r_squared_": 0.9791832676585673, "error_": 0.04526812726014164}
{"freq_range": [3.4179687499988587, 29.785156249990056], "freq_res": 0.488281249999837, "aperiodic_params_": [-22.529305914359043, 0.6054176804399876], "gaussian_params_": [[9.348725184077924, 0.3660258687324692, 0.726372254385421], [10.697025256966347, 0.4829229122468678, 1.2968764367282783], [13.800076008234624, 0.07675633810050089, 0.8150960660031201]], "peak_params_": [[9.348725184077924, 0.6295148501314287, 1.452744508770842], [10.697025256966347, 0.5408229618452474, 2.5937528734565567], [13.800076008234624, 0.11059012864734896, 1.6301921320062402]], "r_squared_": 0.98077713693113, "error_": 0.03137219336087799}
{"freq_range": [3.4179687499988587, 29.785156249990056], "freq_res": 0.488281249999837, "aperiodic_params_": [-21.827035520460484, 0.7382433369717298], "gaussian_params_": [[9.750807668937219, 0.3209048909146331, 1.0567782264133474], [10.419077547469186, 0.13757801226870034, 2.3895150604032374], [21.911175896766892, 0.12203849719166245, 0.5000000000000001]], "peak_params_": [[9.750807668937219, 0.4534020354916457, 2.113556452826695], [10.419077547469186, 0.4237742978318231, 4.779030120806475], [21.911175896766892, 0.12112055857976145, 1.0000000000000002]], "r_squared_": 0.9711797225411694, "error_": 0.034051302358694226}
{"freq_range": [3.4179687499988587, 29.785156249990056], "freq_res": 0.488281249999837, "aperiodic_params_": [-22.37662698499322, 0.395816439778365], "gaussian_params_": [[5.699843781946691, 0.09066517605121707, 0.5000000000000001], [9.365740744946427, 0.5491858173381555, 0.9304029137069003], [11.18446734438284, 0.842453496613164, 0.9365270325160705], [20.055570790780365, 0.1611825059327135, 1.4989318560993454], [22.952390509945847, 0.12837050817564966, 0.5035986380668215]], "peak_params_": [[5.699843781946691, 0.08661835765994752, 1.0000000000000002], [9.365740744946427, 0.6526555407449841, 1.8608058274138006], [11.18446734438284, 0.9151373842561128, 1.873054065032141], [20.055570790780365, 0.16113592928755693, 2.997863712198691], [22.952390509945847, 0.15337540957251505, 1.007197276133643]], "r_squared_": 0.9838423599046058, "error_": 0.03112445999775934}
{"freq_range": [3.4179687499988587, 29.785156249990056], "freq_res": 0.488281249999837, "aperiodic_params_": [-21.97018097771933, 0.7079769184254048], "gaussian_params_": [[9.16824888841578, 0.26128818523685965, 0.8820346144253469], [11.249365207793698, 0.2968628635074262, 0.5000000000000001], [22.29123164973, 0.10846539707076994, 2.3682524493911483], [28.419308827588626, 0.16448190578178049, 1.1384416718172532]], "peak_params_": [[9.16824888841578, 0.25942160732254393, 1.7640692288506938], [11.249365207793698, 0.31363980114796775, 1.0000000000000002], [22.29123164973, 0.10818745646512795, 4.736504898782297], [28.419308827588626, 0.16810687338697505, 2.2768833436345064]], "r_squared_": 0.9434484761899907,