{"peak_width_limits": [1, 8], "max_n_peaks": 6, "min_peak_height": 0.15, "peak_threshold": 2.0, "aperiodic_mode": "fixed", "freq_range": [2.441406250001353, 39.55078125002192], "freq_res": 0.48828125000027045, "power_spectrum": [-21.999218653523037, -21.996695555845292, -22.026057362161925, -21.968753082019845, -22.154367017108175, -22.239760460434326, -22.2535486427605, -22.252059485171305, -22.19279194868003, -22.179618281294367, -22.209656775525207, -22.13890814190429, -21.94837581511807, -21.817103639568504, -21.790253804795135, -21.837605923855353, -21.792011795270824, -21.858628914014663, -22.043623152479995, -22.131460987831915, -22.27310715463315, -22.297784911454354, -22.338115392754666, -22.4947031492652, -22.468614790942382, -22.51803276134898, -22.619137669728865, -22.61454841634943, -22.60988741818798, -22.62614477484609, -22.60006817548398, -22.616932137558077, -22.644150093296627, -22.630896257657202, -22.670512427266925, -22.739218691929103, -22.746944368922005, -22.728287414166147, -22.776730481662284, -22.783337060050403, -22.805173628819013, -22.868614530766823, -22.916136508163788, -22.936909646336765, -22.922365381271707, -22.9418915343429, -22.902844158752398, -22.984236009182652, -22.98581214749448, -22.953493508773896, -22.988490479567034, -23.004446124207607, -23.009762295235024, -23.03770765051875, -22.9996826954707, -23.018891959711283, -23.04045260910096, -23.079550918442084, -23.07073098379464, -23.103077989885993, -23.110460025419027, -23.0615381698828, -23.05527833302031, -23.080262258457115, -23.09721339166759, -23.112837556096576, -23.183262522147256, -23.113733602537256, -23.0794062876761, -23.09481933726784, -23.113099613790876, -23.11219300955663, -23.125569971647888, -23.105452528170826, -23.175822697594153, -23.188147070069704, -23.16291752512917], "aperiodic_params_": [-21.443725465245485, 1.0751069124414916], "gaussian_params_": [[9.815118968244455, 0.7210995841305935, 1.5022105809390227], [13.042761456808329, 0.18699541783493928, 1.2717296515217333], [18.128267318899006, 0.15091368746886744, 2.3128160589965847]], "peak_params_": [[9.815118968244455, 0.7276857541662451, 3.0044211618780454], [13.042761456808329, 0.25957047885736984, 2.5434593030434667], [18.128267318899006, 0.15093636596865068, 4.625632117993169]], "r_squared_": 0.992299177438436, "error_": 0.02937242314395825}