{"freq_range": [3.0, 40.0], "freq_res": 0.25, "aperiodic_params_": [0.0036961013337352116, 1.00181033831794], "gaussian_params_": [[10.024965285083256, 0.2465284714696072, 0.9847645042682077], [20.004199020069798, 0.14797612036756957, 0.9992538653024055]], "peak_params_": [[10.024965285083256, 0.24644926227523678, 1.9695290085364154], [20.004199020069798, 0.14797481388400402, 1.998507730604811]], "r_squared_": 0.9997421719318437, "error_": 0.003822963306091848}
{"freq_range": [3.0, 40.0], "freq_res": 0.25, "aperiodic_params_": [-0.00048395786698962606, 1.999189850024428], "gaussian_params_": [[10.007383521309729, 0.24999571700764603, 0.9780044849966218]], "peak_params_": [[10.007383521309729, 0.24998859271490037, 1.9560089699932437]], "r_squared_": 0.9999157989339382, "error_": 0.00423297127186314}
{"freq_range": [3.0, 40.0], "freq_res": 0.25, "aperiodic_params_": [0.00016834271447974114, 1.499949983884841], "gaussian_params_": [], "peak_params_": [], "r_squared_": 0.9998493242704387, "error_": 0.004243012052849364}
{"freq_range": [3.0, 40.0], "freq_res": 0.25, "aperiodic_params_": [0.0010980126753211074, 2.0006879245313005], "gaussian_params_": [], "peak_params_": [], "r_squared_": 0.9999336596053003, "error_": 0.003683554577254963}
{"freq_range": [3.0, 40.0], "freq_res": 0.25, "aperiodic_params_": [0.0022357138043082874, 1.5014736908176738], "gaussian_params_": [[9.996706848302143, 0.251039783181487, 0.9820355128927987]], "peak_params_": [[9.996706848302143, 0.25103837168298493, 1.9640710257855973]], "r_squared_": 0.999853776970287, "error_": 0.004276570573439093}
{"freq_range": [3.0, 40.0], "freq_res": 0.25, "aperiodic_params_": [0.0011593697127630744, 1.0001800925513904], "gaussian_params_": [[10.004560109662867, 0.2474969933815732, 0.9723278483358638], [19.998266212936457, 0.1516502969895311, 0.9589484392186453]], "peak_params_": [[10.004560109662867, 0.2474942715410956, 1.9446556966717277], [19.998266212936457, 0.15165004912526636, 1.9178968784372905]], "r_squared_": 0.9996954058629035, "error_": 0.004213296620030393}
{"freq_range": [3.0, 40.0], "freq_res": 0.25, "aperiodic_params_": [0.002932652180530737, 1.0022136857034711], "gaussian_params_": [[10.006985535120853, 0.24673421895854028, 1.0165432005084913]], "peak_params_": [[10.006985535120853, 0.24672839334134433, 2.0330864010169827]], "r_squared_": 0.9997230891618524, "error_": 0.003948751864124478}
{"freq_range": [3.0, 40.0], "freq_res": 0.25, "aperiodic_params_": [-0.0017516420343953935, 1.998290982660185], "gaussian_params_": [[10.028310844284341, 0.24675176392640236, 0.9980047699646071]], "peak_params_": [[10.028310844284341, 0.24665250186025034, 1.9960095399292141]], "r_squared_": 0.999918060359405, "error_": 0.0042720101293119055}
{"freq_range": [3.0, 40.0], "freq_res": 0.25, "aperiodic_params_": [0.0024633369176914866, 2.001966175288945], "gaussian_params_": [], "peak_params_": [], "r_squared_": 0.9999200502122342, "error_": 0.0042274440709354575}
{"freq_range": [3.0, 40.0], "freq_res": 0.25, "aperiodic_params_": [-0.0013999695425956913, 0.998497791933477], "gaussian_params_": [[10.018337035878346, 0.24994673011789992, 0.9963927811140048]], "peak_params_": [[10.018337035878346, 0.2499044069841665, 1.9927855622280095]], "r_squared_": 0.999743819593344, "error_": 0.003918126638864129}
