{"freq_range": [3.0, 40.0], "freq_res": 0.25, "aperiodic_params_": [0.0015694840516083076, 1.0010127764933077], "gaussian_params_": [[10.016960017980859, 0.24702083597152216, 0.9799105245783395], [20.008621354905546, 0.1449601026210581, 0.9970060814772285]], "peak_params_": [[10.016960017980859, 0.2469838403063488, 1.959821049156679], [20.008621354905546, 0.14495468303888082, 1.994012162954457]], "r_squared_": 0.9997333616531382, "error_": 0.0038943388594742745}
{"freq_range": [3.0, 40.0], "freq_res": 0.25, "aperiodic_params_": [-0.0014184608334775195, 1.9988027244931421], "gaussian_params_": [], "peak_params_": [], "r_squared_": 0.9999106684234221, "error_": 0.00438788121061193}
{"freq_range": [3.0, 40.0], "freq_res": 0.25, "aperiodic_params_": [0.0014385187274069432, 1.0008610659385684], "gaussian_params_": [[10.017169609073548, 0.24898131649173913, 0.9896321651774764]], "peak_params_": [[10.017169609073548, 0.24894384704401784, 1.9792643303549529]], "r_squared_": 0.9997568879486662, "error_": 0.00379544146910874}
{"freq_range": [3.0, 40.0], "freq_res": 0.25, "aperiodic_params_": [0.003334023267581634, 1.5026865039461994], "gaussian_params_": [[9.999044956708858, 0.24862555028883, 0.9962387327731204]], "peak_params_": [[9.999044956708858, 0.24862543604442688, 1.9924774655462407]], "r_squared_": 0.9998736869335298, "error_": 0.003982303477558408}
{"freq_range": [3.0, 40.0], "freq_res": 0.25, "aperiodic_params_": [-0.002678168173013223, 0.9983490798951445], "gaussian_params_": [[9.991830910755613, 0.24705155870057696, 1.00099951680767]], "peak_params_": [[9.991830910755613, 0.24704333191994277, 2.00199903361534]], "r_squared_": 0.9997477693607933, "error_": 0.003819542700314198}
{"freq_range": [3.0, 40.0], "freq_res": 0.25, "aperiodic_params_": [-0.0017472266827457466, 0.9990041899355722], "gaussian_params_": [], "peak_params_": [], "r_squared_": 0.9997049996493695, "error_": 0.003872428985308136}
{"freq_range": [3.0, 40.0], "freq_res": 0.25, "aperiodic_params_": [0.003655294696959449, 1.0024265820833997], "gaussian_params_": [[9.995008224046787, 0.2465302454083161, 0.9868026190436759]], "peak_params_": [[9.995008224046787, 0.24652709122437444, 1.9736052380873519]], "r_squared_": 0.9996847988718709, "error_": 0.004333927735005438}
{"freq_range": [3.0, 40.0], "freq_res": 0.25, "aperiodic_params_": [0.0025538824704721685, 1.0021754603132413], "gaussian_params_": [[9.999808218869564, 0.24800698109487446, 0.9840320367434601], [19.99878909323614, 0.14409810061581604, 1.0131258519247615]], "peak_params_": [[9.999808218869564, 0.2480069763848064, 1.9680640734869201], [19.99878909323614, 0.14409799769037868, 2.026251703849523]], "r_squared_": 0.9997283767164804, "error_": 0.003914130946691004}
{"freq_range": [3.0, 40.0], "freq_res": 0.25, "aperiodic_params_": [0.0018915169900141475, 2.0011805900443815], "gaussian_params_": [[9.992895328906853, 0.24830339798325232, 0.9785406232264579], [20.013983350491454, 0.14894404411723258, 0.9828875251027435]], "peak_params_": [[9.992895328906853, 0.24829685347259955, 1.9570812464529157], [20.013983350491454, 0.14892897159228768, 1.965775050205487]], "r_squared_": 0.999929234623189, "error_": 0.0038668343129893835}
{"freq_range": [3.0, 40.0], "freq_res": 0.25, "aperiodic_params_": [0.000419649376124975, 2.0004212117125917], "gaussian_params_": [], "peak_params_": [], "r_squared_": 0.9999312099985622, "error_": 0.003815727947942544}
