{"freq_range": [3.0, 40.0], "freq_res": 0.25, "aperiodic_params_": [-0.0021811535092718264, 0.9975374563158353], "gaussian_params_": [], "peak_params_": [], "r_squared_": 0.9997003242920093, "error_": 0.004044605800864183}
{"freq_range": [3.0, 40.0], "freq_res": 0.25, "aperiodic_params_": [0.0033103029302733356, 2.002192368631198], "gaussian_params_": [[10.023193104434895, 0.24528118356337095, 0.9979273143450063], [20.009281405921385, 0.14922614977244344, 0.9618424488011064]], "peak_params_": [[10.023193104434895, 0.24521494734347016, 1.9958546286900125], [20.009281405921385, 0.14921920233759822, 1.9236848976022127]], "r_squared_": 0.9999236486692091, "error_": 0.004070605890536195}
{"freq_range": [3.0, 40.0], "freq_res": 0.25, "aperiodic_params_": [0.00557725853340073, 1.0036351202112852], "gaussian_params_": [[10.000109284639551, 0.2474599355393322, 0.9821154857968286], [20.008502040550194, 0.14984613782255424, 0.9860491761712111]], "peak_params_": [[10.000109284639551, 0.2474599340072995, 1.9642309715936572], [20.008502040550194, 0.14984056780349642, 1.9720983523424223]], "r_squared_": 0.9997246862067337, "error_": 0.003864826386299841}
{"freq_range": [3.0, 40.0], "freq_res": 0.25, "aperiodic_params_": [0.00037104470957566305, 1.001264347959547], "gaussian_params_": [[10.021246689370146, 0.2487480268153898, 0.9856555131129314]], "peak_params_": [[10.021246689370146, 0.24869024230652004, 1.9713110262258629]], "r_squared_": 0.9997218189572077, "error_": 0.0038675289884934714}
{"freq_range": [3.0, 40.0], "freq_res": 0.25, "aperiodic_params_": [0.0013761492524860819, 2.001311809929221], "gaussian_params_": [[9.995720944392017, 0.2529388812362109, 0.9854485804037919]], "peak_params_": [[9.995720944392017, 0.2529364966585299, 1.9708971608075838]], "r_squared_": 0.9999195492688193, "error_": 0.004265676323933438}
{"freq_range": [3.0, 40.0], "freq_res": 0.25, "aperiodic_params_": [4.9915152136481566e-05, 0.9997911336770224], "gaussian_params_": [[10.006647409339468, 0.2499584866701578, 1.0036355175920288]], "peak_params_": [[10.006647409339468, 0.24995300407813792, 2.0072710351840577]], "r_squared_": 0.9997135125635912, "error_": 0.004129795443506089}
{"freq_range": [3.0, 40.0], "freq_res": 0.25, "aperiodic_params_": [-0.0009360570455788302, 1.9991172738710536], "gaussian_params_": [[10.01324119787307, 0.2522327773263778, 0.9836902806327468]], "peak_params_": [[10.01324119787307, 0.25220992714539214, 1.9673805612654935]], "r_squared_": 0.9999188570000982, "error_": 0.00403276134367273}
{"freq_range": [3.0, 40.0], "freq_res": 0.25, "aperiodic_params_": [0.0005316845450605845, 1.0007163202533391], "gaussian_params_": [], "peak_params_": [], "r_squared_": 0.999740670320546, "error_": 0.003642117183382354}
{"freq_range": [3.0, 40.0], "freq_res": 0.25, "aperiodic_params_": [-0.0008766423186029181, 0.9995225928953926], "gaussian_params_": [], "peak_params_": [], "r_squared_": 0.9997261173805464, "error_": 0.003698018860078315}
{"freq_range": [3.0, 40.0], "freq_res": 0.25, "aperiodic_params_": [0.003072178085224015, 2.0014260707856852], "gaussian_params_": [[10.008958994183788, 0.24676962117665963, 0.9929714004474014], [19.976766465166314, 0.14940413068035788, 0.9797985121199764]], "peak_params_": [[10.008958994183788, 0.24675957738051335, 1.9859428008948028], [19.976766465166314, 0.14936213268222298, 1.9595970242399527]], "r_squared_": 0.9999310160891218, "error_": 0.003979995964328476}
