{"freq_range": [3.0, 40.0], "freq_res": 0.25, "aperiodic_params_": [0.0016677136120544223, 1.5012128928514374], "gaussian_params_": [[10.021706834221602, 0.24944921472667894, 0.9895109678940113]], "peak_params_": [[10.021706834221602, 0.24938920085408123, 1.9790219357880225]], "r_squared_": 0.9998791150850661, "error_": 0.0038884856125210457}
{"freq_range": [3.0, 40.0], "freq_res": 0.25, "aperiodic_params_": [0.0050755956771917805, 1.0040496205447442], "gaussian_params_": [[10.002147441294936, 0.24828349652894338, 0.9798811943786357]], "peak_params_": [[10.002147441294936, 0.2482829002999507, 1.9597623887572715]], "r_squared_": 0.9997319994100713, "error_": 0.003957962871527451}
{"freq_range": [3.0, 40.0], "freq_res": 0.25, "aperiodic_params_": [-0.00020805082293795518, 0.9997538742996112], "gaussian_params_": [[9.994039136917573, 0.25080144230059714, 0.986946390974537]], "peak_params_": [[9.994039136917573, 0.2507968679732546, 1.973892781949074]], "r_squared_": 0.9997344239311403, "error_": 0.0040387476018458905}
{"freq_range": [3.0, 40.0], "freq_res": 0.25, "aperiodic_params_": [0.003450120455688973, 2.002083114774843], "gaussian_params_": [[9.98875034023099, 0.24816015032550678, 0.9829571108892977]], "peak_params_": [[9.98875034023099, 0.24814389867533593, 1.9659142217785954]], "r_squared_": 0.9999297153414157, "error_": 0.0040483385945592944}
{"freq_range": [3.0, 40.0], "freq_res": 0.25, "aperiodic_params_": [0.001824420306846708, 1.5013206893927356], "gaussian_params_": [], "peak_params_": [], "r_squared_": 0.9998726572401547, "error_": 0.0037964976919992546}
{"freq_range": [3.0, 40.0], "freq_res": 0.25, "aperiodic_params_": [0.002448716700090572, 1.0015878861708871], "gaussian_params_": [], "peak_params_": [], "r_squared_": 0.9996861857286891, "error_": 0.004046151934909801}
{"freq_range": [3.0, 40.0], "freq_res": 0.25, "aperiodic_params_": [0.0028243638025944318, 2.001877499938857], "gaussian_params_": [], "peak_params_": [], "r_squared_": 0.9999304983391104, "error_": 0.0037610051284375293}
{"freq_range": [3.0, 40.0], "freq_res": 0.25, "aperiodic_params_": [0.0039049215887517175, 1.0026938971426895], "gaussian_params_": [[9.993147600574792, 0.24743491667932374, 0.9791216315237485]], "peak_params_": [[9.993147600574792, 0.24742885716633856, 1.958243263047497]], "r_squared_": 0.9996916904616645, "error_": 0.004124540708312419}
{"freq_range": [3.0, 40.0], "freq_res": 0.25, "aperiodic_params_": [0.00015845811428749634, 2.0001053857945252], "gaussian_params_": [[10.006146492811572, 0.24730916461681932, 0.9915504650593725]], "peak_params_": [[10.006146492811572, 0.24730441311222306, 1.983100930118745]], "r_squared_": 0.9999330418161043, "error_": 0.0038331343277582097}
{"freq_range": [3.0, 40.0], "freq_res": 0.25, "aperiodic_params_": [-0.0005290006702065586, 1.4996273694432145], "gaussian_params_": [[9.998981730587182, 0.2478554846844817, 0.999525999206529]], "peak_params_": [[9.998981730587182, 0.2478553560653327, 1.999051998413058]], "r_squared_": 0.999882305892275, "error_": 0.0040005003057707374}
