{"freq_range": [3.0, 40.0], "freq_res": 0.25, "aperiodic_params_": [0.0028739011584095614, 1.0016653046608122], "gaussian_params_": [[10.010398503300596, 0.24689583642585336, 0.9827110190182816], [20.00907157167593, 0.14458366046144758, 0.9955995191533162]], "peak_params_": [[10.010398503300596, 0.2468820147205063, 1.9654220380365632], [20.00907157167593, 0.1445776587387937, 1.9911990383066325]], "r_squared_": 0.9997534207614174, "error_": 0.0037353306832558645}
{"freq_range": [3.0, 40.0], "freq_res": 0.25, "aperiodic_params_": [0.0008700220543063945, 2.000421978272518], "gaussian_params_": [], "peak_params_": [], "r_squared_": 0.999920458728302, "error_": 0.004067574736380259}
{"freq_range": [3.0, 40.0], "freq_res": 0.25, "aperiodic_params_": [-0.0009663234294148282, 1.4987706491388377], "gaussian_params_": [[10.002146223554695, 0.25584214464470156, 0.9673595191339107], [20.026321430657532, 0.1436812069715491, 1.012612543838508]], "peak_params_": [[10.002146223554695, 0.2558415149708606, 1.9347190382678214], [20.026321430657532, 0.1436326748819874, 2.025225087677016]], "r_squared_": 0.999880501205071, "error_": 0.0038954005367941662}
{"freq_range": [3.0, 40.0], "freq_res": 0.25, "aperiodic_params_": [0.0020223179515867448, 1.0013979089905272], "gaussian_params_": [[10.001521143859206, 0.24908465696240348, 0.9804960412922714]], "peak_params_": [[10.001521143859206, 0.24908435720797506, 1.9609920825845428]], "r_squared_": 0.9997431374352446, "error_": 0.003854179501865012}
{"freq_range": [3.0, 40.0], "freq_res": 0.25, "aperiodic_params_": [0.0018260878890753267, 2.001347373199792], "gaussian_params_": [[10.000004510587026, 0.24914600180507243, 0.9866073925899947]], "peak_params_": [[10.000004510587026, 0.2491460018024687, 1.9732147851799895]], "r_squared_": 0.9999463854463484, "error_": 0.0034422669297259644}
{"freq_range": [3.0, 40.0], "freq_res": 0.25, "aperiodic_params_": [-0.0037589620723471415, 1.496771234195326], "gaussian_params_": [[9.983839085018476, 0.25013134392590547, 0.99160377214627], [19.995931387877235, 0.1484924318429727, 0.981151929996661]], "peak_params_": [[9.983839085018476, 0.25009812658734765, 1.98320754429254], [19.995931387877235, 0.14849115513223898, 1.962303859993322]], "r_squared_": 0.9998964275002559, "error_": 0.003622578807542443}
{"freq_range": [3.0, 40.0], "freq_res": 0.25, "aperiodic_params_": [0.0030824722721379625, 1.5017833545499937], "gaussian_params_": [[10.000731209710956, 0.25101234998731, 0.9776819412188288], [20.023166374681942, 0.15134792449794104, 0.9571019392986537]], "peak_params_": [[10.000731209710956, 0.25101227978462104, 1.9553638824376576], [20.023166374681942, 0.15130359603980725, 1.9142038785973075]], "r_squared_": 0.999863526347232, "error_": 0.004115695671956553}
{"freq_range": [3.0, 40.0], "freq_res": 0.25, "aperiodic_params_": [0.001621455811884521, 1.0013371488932923], "gaussian_params_": [[9.99146789459426, 0.2497308016204149, 0.9963186763078177]], "peak_params_": [[9.99146789459426, 0.24972164468745395, 1.9926373526156353]], "r_squared_": 0.9997138987422519, "error_": 0.004231546102727027}
{"freq_range": [3.0, 40.0], "freq_res": 0.25, "aperiodic_params_": [-0.0009919090392850327, 0.9995802067307468], "gaussian_params_": [[10.0025209339262, 0.24810626657830015, 0.9927144381672798]], "peak_params_": [[10.0025209339262, 0.24810546659432597, 1.9854288763345596]], "r_squared_": 0.9997762070310844, "error_": 0.0036331284349454132}
{"freq_range": [3.0, 40.0], "freq_res": 0.25, "aperiodic_params_": [0.00043186927145744125, 1.5004943266556836], "gaussian_params_": [], "peak_params_": [], "r_squared_": 0.9998875095272713, "error_": 0.0035421246063383695}
