{"freq_range": [3.0, 40.0], "freq_res": 0.25, "aperiodic_params_": [0.004697315833407811, 1.5034848511443266], "gaussian_params_": [[10.02644662780025, 0.24743191334892595, 0.9854648315677084]], "peak_params_": [[10.02644662780025, 0.24734282808509578, 1.9709296631354167]], "r_squared_": 0.9998924283029715, "error_": 0.0035603125880029124}
{"freq_range": [3.0, 40.0], "freq_res": 0.25, "aperiodic_params_": [0.005851517621138347, 1.0041957046256507], "gaussian_params_": [[9.98183615459193, 0.24999300697710686, 0.9760238468366779], [20.015131715799622, 0.1478236726936796, 1.0029935224021154]], "peak_params_": [[9.98183615459193, 0.24994972022520323, 1.9520476936733557], [20.015131715799622, 0.1478068510133268, 2.0059870448042307]], "r_squared_": 0.9997695197605401, "error_": 0.003665230862099975}
{"freq_range": [3.0, 40.0], "freq_res": 0.25, "aperiodic_params_": [0.004729039556440471, 1.5028722218250297], "gaussian_params_": [[9.988109617842513, 0.24464576524998724, 0.9931207354281171], [20.014565840415443, 0.14728906323789934, 0.9694426129047705]], "peak_params_": [[9.988109617842513, 0.24462823130376155, 1.9862414708562341], [20.014565840415443, 0.14727243895664688, 1.938885225809541]], "r_squared_": 0.9998834933537615, "error_": 0.0037691433701862002}
{"freq_range": [3.0, 40.0], "freq_res": 0.25, "aperiodic_params_": [-0.0012079442967522353, 1.9988111518757474], "gaussian_params_": [], "peak_params_": [], "r_squared_": 0.9999161259978702, "error_": 0.003936433395948029}
{"freq_range": [3.0, 40.0], "freq_res": 0.25, "aperiodic_params_": [0.0011392443318977979, 1.0014759709418088], "gaussian_params_": [], "peak_params_": [], "r_squared_": 0.9997228422926054, "error_": 0.0037051148181173063}
{"freq_range": [3.0, 40.0], "freq_res": 0.25, "aperiodic_params_": [-0.0005111548205139386, 0.9997636772868534], "gaussian_params_": [], "peak_params_": [], "r_squared_": 0.9997368614632453, "error_": 0.003604416063388482}
{"freq_range": [3.0, 40.0], "freq_res": 0.25, "aperiodic_params_": [-0.0006478165731725882, 1.9992316558215717], "gaussian_params_": [], "peak_params_": [], "r_squared_": 0.999914411528225, "error_": 0.004041322959842899}
{"freq_range": [3.0, 40.0], "freq_res": 0.25, "aperiodic_params_": [0.0003700449246464288, 1.500276787056948], "gaussian_params_": [[10.002425297766566, 0.24760778964142927, 0.9941252765987125]], "peak_params_": [[10.002425297766566, 0.24760705278723072, 1.988250553197425]], "r_squared_": 0.9998684602579402, "error_": 0.003973860219966553}
{"freq_range": [3.0, 40.0], "freq_res": 0.25, "aperiodic_params_": [0.0008624700010602394, 1.000315405826348], "gaussian_params_": [[9.973614585613424, 0.24375917541865658, 0.9941245358450306], [20.021479051233083, 0.14944974248636128, 1.0026472750611695]], "peak_params_": [[9.973614585613424, 0.2436733332367691, 1.9882490716900612], [20.021479051233083, 0.14941545393144762, 2.005294550122339]], "r_squared_": 0.9997057350627331, "error_": 0.0041462948599672}
{"freq_range": [3.0, 40.0], "freq_res": 0.25, "aperiodic_params_": [-0.00025946937124943226, 1.4997305139835693], "gaussian_params_": [[10.01279947282685, 0.24811509128499093, 0.9965919016825898]], "peak_params_": [[10.01279947282685, 0.24809462897151247, 1.9931838033651796]], "r_squared_": 0.9998500310694912, "error_": 0.004407590376837227}
